,official_name,max_probability,y_pred
0,0246823f-99f4-4a46-b2b1-27f81179584c_1,3.0,0.0
1,0d0f0200-25b8-483b-b04a-82a7833b4d30_1,5.0,0.0
2,117eb38b-0c62-4336-a866-fa5bd013256a_1,3.0,0.0
3,12071070-d06b-4c7b-a7b1-77c84963abe6_1,3.0,0.0
4,18d0aae7-9694-4252-b8fe-16e62dadab07_1,3.0,0.0
5,29ed984c-74b5-4016-a649-c32e5d1d9869_1,5.0,0.0
6,2ac986f6-cd6f-4ca5-90cc-7a105cfe85ea_1,4.0,0.0
7,2f1b96b2-7031-4f7d-9490-14728d320f3e_1,5.0,0.0
8,3c3d4ef0-019a-423e-89b2-4ac5a7b567ab_1,5.0,0.0
9,411257a4-a148-4606-8c8b-f9f1240e40ed_1,4.0,0.0
10,442d7415-d095-4962-8296-a14390bad40a_1,5.0,0.0
11,449bf2be-b20e-4ad0-9ffb-910d83114018_1,4.0,0.0
12,525a6978-2d7b-4f3a-ac68-13fe8cbbbdcc_1,3.0,0.0
13,5c087d33-0bd3-407d-8350-fabba6aec597_1,5.0,0.0
14,66bca2f8-f269-454d-abe2-ce51a0704645_1,3.0,0.0
15,73d177f7-8c0a-42f6-a73d-8073c0e6142b_1,5.0,0.0
16,74f859cf-6df5-4e96-ae6b-cfaab691d5fd_1,5.0,0.0
17,7938ca55-766e-4277-9e7e-603ffa02e570_1,3.0,0.0
18,7b0d69ca-13a6-46e0-839c-e433bbede3ad_1,5.0,0.0
19,7e13fe2a-3d6e-487f-900d-f5891d986aa2_1,3.0,0.0
20,8520654b-2192-46cf-9d72-1ddb885a7c55_1,5.0,0.0
21,8ca597db-ac21-43d1-9329-586b2eaf6982_1,5.0,0.0
22,8cb0144b-be6b-40a1-86a2-708f96d9b615_1,5.0,0.0
23,8e005891-d6fe-4fee-a699-971fee4e70f1_1,3.0,0.0
24,8fccff71-3710-4cb9-b8af-61707aebe5d8_1,5.0,0.0
25,a2a71cb0-9dbd-45cc-8867-da84500515e7_1,5.0,0.0
26,acab1362-c8a0-448b-8533-0cd84d97959c_1,5.0,0.0
27,bec83dff-2bba-4467-92aa-5dc3db9e0eaf_1,5.0,0.0
28,c2f90f1a-a81b-465e-8e6b-5f02a21b27dd_1,5.0,0.0
29,c9ab5bf4-092a-420f-9b90-87deea58104c_1,4.0,0.0
30,cad2adc1-0f41-4651-9c80-ae9961e2dc8d_1,5.0,0.0
31,d139bd0c-2eeb-44ec-856b-e77cb03d294e_1,5.0,0.0
32,da112431-5579-4fd1-a230-9144b359b0e9_1,5.0,0.0
33,e0916597-e489-45ef-a8f7-653a3c6591ef_1,4.0,0.0
34,e0e35051-fbb4-4389-aedb-87bde84d21ad_1,4.0,0.0
35,e9ea3687-0db3-47f3-8099-b4fc054397f1_1,5.0,0.0
36,fe9a5fcf-ff99-4dd1-8cc7-ed9f4b9d952b_1,5.0,0.0
